,Unnamed: 0,Date,sentiment,Tweet
0,0,2022-12-30 ,Neutral,"Two #insiders of @Airbnb continue to #sell off the stock after seeing a significant decline in #stockprice YTD.

From Dec 13 - Dec 27, Aristotle Balogh (CTO) &amp; Joe Gebbia Jr. (Co-Found/Chair) sold over $46.88M worth of $ABNB #shares.

This #selling will raise further FUD signals."
1,1,2022-12-29 ,Positive,"Insider #Buying @BriaCell

Issuer: BRIACELL THERAPEUTICS CORP
Name of the #Insider: Jamieson Bondarenko (CB)
Date: Dec 28
#Shares: 28,000
Value: $127,982

After a steep decline in its #stockprice YTD, #investors are hopeful that this purchase will restore their confidence.

$BCTX"
2,2,2022-12-27 ,Positive,#NNOX #StockPrice IS SET TO PLUMET  ! #Sell your Shares now! #SellToday ! It‚Äôs set to go DOWN! Trust me! If you own any #NanoX #NNOX‚Ä¶ SELL TODAY BEFOFE YOU LOSE IT ALL! #SELLNANOX #today #Trades
3,3,2022-12-24 ,Positive,"Just made a bold prediction about Tesla's stock price: it's either going to the moon or back to earth. Either way, I'm investing in a space suit just to be safe. #Tesla #StockPrice #SpaceSuit"
4,4,2022-12-22 ,Positive,"Buyback news at three companies, #stockprice hiked right after.

- INDEPENDENT BANK
Announced a #buyback plan of up to $IBCP  1.1M shares.

- GREAT SOUTHERN BANCORP
Buyback of up to 1M $GSBC #shares.

- DIGITALIFT
Buy back up to 150,000 $TYO: 9244 shares.

#invest #stockprice"
5,5,2022-12-21 ,Negative,"#MDGL #Skyrockets in it‚Äôs #StockPrice after #Fibrosis treatment results !!! If you haven‚Äôt yet, DONT MISS THE CHANCE TO BUY IN !!! #Buy #ShareHolders #Holdings #Contract #OptionTrading #Trading #StockMarket"
6,6,2022-12-20 ,Negative,"$TSLA Board cannot be happy with the Elon shenanigans right now. 
#StockPrice #value #Tesla #TSLA"
7,7,2022-12-19 ,Positive,"Foreign portfolio investors have been approved for the allocation of 1.05 crore shares of Tilaknagar Industries at a price of Rs 95 per share
#portfoliomanagement #stockandshares #stockprice"
8,8,2022-12-16 ,Positive,"Buyback at PATRICK INDUSTRIES INC

Announcement Date: Dec 12

@ImpactPatrick recently increased its share #buyback to $100 million.

Investors seem to be optimistic about the program, as #stockprice rose significantly after the program was announced.

$PATK"
9,9,2022-12-15 ,Positive,"Kamat Hotels to issue 58.96 lakh warrants,each convertible into equity share within the period of 18 months at a price of Rs. 97 summing up to Rs 57.19 crore.
#KamatHotal #equitymarket #stockprice"
10,10,2022-12-09 ,Positive,"Buyback at TRITON INTL LTD

On Dec 8, board members announced an expansion of share repurchase authorization to $400 million.

On the day of announcement, #stockprice spiked from $66.58 to $67.40.

$TRTN #stockmarket"
11,11,2022-12-07 ,Neutral,Theory of #Reflexivity ‚Äî #stockprice can #influence #businessvalue üßµ:
12,12,2022-12-05 ,Positive,"Buyback @RaymondJames üá∫üá∏

On Dec 1, Board members approved a #buyback in an aggregate amount of up to $1.5 billion of $RJF #shares.

Post announcement, #stockprice spiked up:
Opening Price on Dec 1: $116.90
Closing Price on Dec 2: $119.16

#Investing #StockMarket"
13,13,2022-11-22 ,Negative,"The stock price of crypto exchange @coinbase hit a new all-time low of $40.61. @brian_armstrong Why do you sell? 
#coinbase #brianamstrong #crypto #exchange #stockprice"
14,14,2022-11-22 ,Negative,#StockPrice action should never come into play when you decide to sell a stock.
15,15,2022-11-17 ,Neutral,"#Form144 filed @Etsy

Jill Simeone (CLO/Secretary), Rachel Glaser (CFO), &amp; Raina Moskowitz (COO) plan to sell $ETSY

Shares: 81k
Value: $9.4M
Broker: UBS FINANCIAL SVCS INC

Form144 was filed on Nov 11 &amp; 15 as #stockprice has been sliding down by 57.59% over the past year

#stock"
16,16,2022-11-08 ,Positive,"Japanese materials firm ""JCU CORP"" recently announced #stock repurchase program

On Nov 7, board members approved #buyback of up to 450,000 #shares at a value of 1B JPY

#Stockprice spiked up:
Opening Price on Nov 8: 3,080 JPY
Closing Price on Nov 8: 3,175 JPY

$4975:JP"
17,17,2022-11-04 ,Positive,"After disclosing positive results in Q3, @conocophillips approved increase in its repurchase program

On Nov 3, $COP announced additional $20B share #buyback, which makes grand total of 45B to be repurchased in future

Post announcement, #stockprice rose from $129.62 to $133.82"
18,18,2022-11-03 ,Positive,"As SICHUAN XINJINLU GRP CO LTD's #stockprice rises, $000510:CH's top exec reported a #buy on Nov 1

Finance Dir - Yang Wenyi bought 172,700 #shares, investing a total of $137,716

Price up by 9.56% in last 6 months, &amp; this buying will be a further positive indicator for investors"
19,19,2022-11-03 ,Positive,"Amidst a downward trend in #stockprice YTD, #insidertrading reported at OPTIPHARM CO LTD from Oct 17-Nov 2

Kim Hyun ll (Co-CEO) purchased 36,221 #shares of $153710:KS, worth over $201k

This #insiderbuying indicates Co-CEO is optimistic about the future stock price

#stock"
20,20,2022-11-02 ,Negative,"#FED Tries to Stop #Inflation By Going After #ServiceSector Jobs, Not #WallStreet #StockPrice &amp; Asset #Inflation which Are the Real Problemüòü#msnbc #foxnews #nytimes #cnn #wsj #cnbc #politico #huffpost #newsmax #gop #npr #fox #nyt #wapo #nbc #cbs #MAGARepublicans #ecb #eu #powell"
21,21,2022-11-01 ,Neutral,"How many other #NationStates are going to designate ‚ò£Ô∏è @Official_Zuck's poorly lead @Meta ‚ò£Ô∏è as a #Terrorist #MultinationalConglomerate this year I wonder. ‚ò£Ô∏è

Probably all the #genocide &amp; #Counterintelligence üêÇüí© #DumbFSCKs messing up your #StockPrice!

#DumbFSCKs set you up üòÇ"
22,22,2022-10-28 ,Positive,"#MullenAutomotive #ElectricVehicle 
A Electric vehicle manufacturer company and the #stockprice is under $1 dollar . When it's at $5 everyone will wish they had bought . Mullen Automotive: $MULN"
23,23,2022-10-27 ,Positive,"With SETOPIA CO LTD #stockprice on the rise over last five days by 19.32%, #insider gives off further confidence signals

Seo Sang Chul (CEO) continues to load up #stock of $222810:KS on Oct 26

#Shares: 200,000
Value: 205k

#bullish #investing #marketanalysis #smartmoney"
24,24,2022-10-25 ,Positive,"Recently, we found two companies that announced #buybacks on Oct 24

üáØüáµ@PLANT_co_jp authorized buyback of 250k $7646:JP #shares worth over 175M JPY

üá∞üá∑HANMI SEMICONDUCTOR CO LTD also approved 30 billion KRW buyback program

After both announcements, #stockprice showed BULL trend"
25,25,2022-10-24 ,Positive,"Founder, CEO &amp; Chair at Grenergy Renovables, David Ruiz De Andres, is on a #stock purchase spree

It's not often that we see #insiderpurchase at @Grenergy_eu &amp; now buys valued at total of $5.7 million over last week are hinting that we might see #stockprice gains in days to come"
26,26,2022-10-18 ,Positive,"Two üáØüáµ companies announced #buyback on Oct 17

- @Recruit_PR's authorized $6098:JP #stock repurchase program of 150B yen

- FUNDELY CO LTD also announced to buyback up to 50,000 $3137:JP #shares worth 25M yen

After both announcements, #stockprice showed significant upward trend"
27,27,2022-10-17 ,Positive,"DATAMETREX AI LTD #stockprice on rising over the last five days, #insider gives off further confidence signals

CEO/MB - Jerry Marshall Gunter bought 1,224,000 #shares of $DM worth over $72k

@datametrex #insiderbuying #stockmarket"
28,28,2022-10-12 ,Neutral,"Co-Founder/Chairman/CEO @Dropbox  intends to load off 696,675 #shares of $DBX

Name: Andrew Houston
Value: $14.22M
Broker: MORGAN STANLEY SMITH BARNEY LLC

#Form144 was filed on Oct 10, as the #stockprice continues its downward trend for the last year

#sell"
29,29,2022-10-11 ,Positive,"As VICTORIAN PLUMBING GROUP PLC's #stockprice rises, $VIC's top exec reports #buy on Oct 06

Founder &amp; CEO - Mark Andrew Radcliffe, purchased 1,000,000 #shares, investing a total of $447k

This #insiderbuying will be a positive indicator for #investors

#bullish"
30,30,2022-10-11 ,Positive,"The share price of FEAM has significantly dropped during the past year. But things have changed recently, as seen by the stock's 26% increase. The market capitalization as a result is $729 million.
#FEAm #shareprice #StockMarket #stockprice #boron #market #mining"
31,31,2022-10-07 ,Positive,"IMPERIAL BRANDS PLC announced #buyback on Oct 6 that it will repurchase ¬£1 billion worth of #stock

$IMB recently hailed recovery of global travel markets &amp; revealed a boost from battered pound

After the announcement, @ImperialBrands #stockprice showed a significant upward trend"
32,32,2022-10-07 ,Positive,"FEAM's stock price has decreased 14% over the past year, but it has surged by almost¬†26% during the past month. Company¬†now has a market capitalization of around $729 million based on its share price.
#FEAM #stockprice #market #shareprice #capitalization #boron"
33,33,2022-10-07 ,Positive,"#Form144 filed @elfcosmetics on Oct 5

Chairman, President, &amp; CEO - Tarang Amin intends to sell 175,478 #shares, valued at $6.84 M

Broker: MORGAN STANLEY SMITH BARNEY LLC

Even if $ELF's sales and #stockprice increased, #insider continued to file form144, sending bearish signals"
34,34,2022-10-06 ,Positive,"#Insider of JUDGES SCIENTIFIC PLC loaded off #stock on Oct 4

Chairman of the Board - Alex Hambro, sold 1,500 #shares worth over $124k and decreased his holdings by 2.45%

#Stockprice of $JDG is down by 24.26% YTD

#sell #bearish #smartmoney"
35,35,2022-10-05 ,Positive,"#Insider @bostonsci filed #Form144 through E-TRADE FINANCIAL CORPORATION

On Oct 03, Michael F Mahoney (Chairman/President/CEO) plans to sell a total of 125,827 #shares, worth $5.02 M

$BSX's #stockprice took a dive of 7.49% in the past 6 months

#Insiderselling #trade"
36,36,2022-09-28 ,Positive,"BEAUTY HEALTH CO authorized a share repurchase program of up to $200 million of comp's #stock on Sep 27

After the announcement, $SKIN's #stockprice showed a significant upward trend

The comp. currently stands on $11.82 in after-hour market

#buyback"
37,37,2022-09-26 ,Positive,"Hong Kong Retailing firm ""GOLDLION HLDGS LTD"" disclosed on Sept 21st to #buyback up to HK$10 million worth of #shares

After the announcement, $533:HK #stockprice showed a significant upward trend

#smartmoney #stockmarket #marketnalaysis"
38,38,2022-09-26 ,Positive,"Michael A. Mussallem, Chairman of the Board/CEO of @EdwardsLifesci, disclosed his intention to load off comp's #stock on Sept 22

#Shares: 79,500
Value: $6.69 M
Broker: GOLDMAN SACHS &amp; CO LLC

In the last six months, $EW's #stockprice dived by 25.75%

#Form144 #smartmoney"
39,39,2022-09-23 ,Positive,"On Sept 21, George Kurtz, Co-Founder/President/CEO of CROWDSTRIKE HOLDINGS INC, disclosed his intention to load off $CRWD #stock

#Shares: 72,566
Value: $12.28M
Broker: FIDELITY BROKERAGE SERVICES LLC

In the last six months, @CrowdStrike's #stockprice dived by 26.52%

#Form144"
40,40,2022-09-23 ,Positive,"The short interest in FEAM is unusually high, indicating that a huge number of traders are betting against the company. As the share price rises, this might lead to a short squeeze in the near future.
#shortsqueeze #short #StockMarket #stockprice #FEAM #boron #lithium #mining"
41,41,2022-09-23 ,Positive,"FEAM mines boron, an essential element for the creation of electricity, decarbonization, and food. The company's stock price has increased from A$3.40 to A$4.94 per share as a result of their updated estimates for the price of boric acid. #FEAM #stockprice #boricacid #boron"
42,42,2022-09-21 ,Positive,"EMPIRE CO LTD's President/CEO - Michael Bennett Medline and EVP/COO - Pierre Saint-Laurent - stocked up on Sept 19

#Shares: 11,087
Value: $299k

In the last 6 months, $EMP/A's #stockprice declined by 16.32%, but #insiders seem optimistic about recovery

#stocks #stockmarket"
43,43,2022-09-19 ,Positive,"Two #insiders of Health Care Equipment &amp; Services firm ""NUTEX HEALTH INC"" loaded off #stock from Sept 01 - 15

President/Dir. - Warren Hosseinion &amp; CFO - Mike Bowen @nutexhealth, sold 810,000 #shares worth $2.14 million

The #stockprice of $NUTX declined by 58.59% YTD

#sell"
44,44,2022-09-16 ,Positive,"On Sept 14, TARGET CORP's high-profile #insider filed his first #Form144

EVP/COO - John J Mulligan plans to sell 39,101 $TGT #shares worth $6.47 M

Broker: FIDELITY BROKERAGE SERVICES LLC

@TargetNews #stockprice is down by 23.46% over the last six months

#insiderselling"
45,45,2022-09-15 ,Positive,"EVP &amp; CFO of BRISTOL-MYERS SQUIBB CO, David V Elkins, filed #Form144 to sell 133,951 #shares of $BMY, valued at $9.52 M

On Sept 13, #insider filed this form144 through FIDELITY BROKERAGE SERVICES LLC

@bmsnews #stockprice increased by 13.66% over the last year"
46,46,2022-09-14 ,Positive,"CB of PRICESMART INC, Robert E Price, filed a #Form144 on Sept 12

The CB plans to sell 80,000 $PSMT #shares worth almost $5.1 M through MORGAN STANLEY SMITH BARNEY LLC

#Stockprice is down by almost 24.20% in the last year

#Bearish #InsiderSelling"
47,47,2022-09-14 ,Neutral,"On Sept 09, HORIZON THERAPEUTICS PUB LTD announced a #buyback of up to $500 million of #shares

@HorizonNews #stockprice has been showing a slight recovery, Opening price on Sept 9 is $63.50, and Closing price on Sept 12 is $66.68

$HZNP #stockmarket #invest"
48,48,2022-09-13 ,Positive,"#Insider at CLOUDFLARE INC filed #form144 on Sept 9

Founder/Chairman/CEO - Matthew Prince disclosed his intention to sell #stock of $NET

#Shares: 471,456
Value: $31.04 M
Broker: GOLDMAN SACHS &amp; CO LLC

@Cloudflare's #stockprice declined by 46.32% in the past year

#bearish"
49,49,2022-09-12 ,Positive,"Chief Executive Officer - Jeremy Andrus at TRAEGER INC, loaded up 68,644 $COOK #shares worth $202k on Sept 7 &amp; 8

@TraegerGrills #stockprice has increased by 30.45% in the last five days

#insiderbuying #stockmarket"
50,50,2022-09-09 ,Positive,"Australian Real Estate firm ""SERVCORP LTD""'s Founder/CEO reported #buy on Sept 7

Alfred (Alf) George Moufarrige purchased 200,000 #shares worth $483,458

In the last month, $SRV's #stockprice rose by 6.31%

#ASX #stockmarket"
51,51,2022-09-08 ,Positive,"ELYS GAME TECHNOLOGY CORP's Exec. Chairman - Michael Ciavarella - stocked up on $ELYS from Sept 1 - 6

#Shares: 103,000
Value: $59k

These #trades marked the 1st #insiderbuying of 2022

@ELYS_Gaming's #stockprice increased by 7.19% in the last five days

#stocks #stockmarket"
52,52,2022-09-07 ,Positive,"On Sept 2, James A. Lawrence, Independent Director of ULTA BEAUTY INC, disclosed his intention to load off $AVT #stock

#Shares: 139,784
Value: $5.97M
Broker: CITY NATIONAL SECURITIES

In the last six months, @Avnet's #stockprice has risen by 6.56%

#Form144 #Bearish"
53,53,2022-09-04 ,Neutral,"#Sanctions are working: This year: #Gazprom #stockprice went down -20%, #Lukoil -27%, #Rosneft -30%.         #westandwithukraine #visaban"
54,54,2022-09-01 ,Negative,Hey @zomato Its Time to #uninstall ha. Check the order No:4306858884. Today was such a disgusting experience with delivery. AND your support was performing far worse than your #stockprice. Candidate keep changing on the same issue that I need to explain the situation every time.
55,55,2022-08-31 ,Positive,"Only way #RetailInvestors can be happy, is when a #Stock continuosly breaks out the previous resistance &amp; define a new #ResistenceLevel.
This way #StockPrice moves up, instead of #Traders just booking profits at a certain level."
56,56,2022-08-29 ,Positive,"#Insider of Chinese dual listed comp. ""DAQO NEW ENERGY CORP"" disclosed his intention to sell 1,500,000 #shares worth $94.1M

On Aug 23, CEO - Longgen Zhang filed this #Form144 through THE CORE SECURITIES CO LTD

In the last six months, $DQ's #stockprice has risen by 49.85%

#sell"
57,57,2022-08-26 ,Positive,"Lauren R Hobart - President/CEO &amp; John Edward Hayes III - General Counsel at DICKS SPORTING GOODS INC filed #form144 on Aug 24

They both plan to sell 80,289 #shares worth $8.67M through E-TRADE FINANCIAL CORPORATION

#Stockprice of $DKS has decreased by 18.34% in the last year"
58,58,2022-08-24 ,Negative,"Seemantini Godbole - EVP/CIO &amp; Bill Boltz - EVP at LOWE'S COS INC filed #Form144 on Aug 19

They both plan to sell 110,393 $LOW #shares worth $23.34M through E-TRADE FINANCIAL CORPORATION

#Stockprice of @Lowes rose by 7.80% since last month but down by 2.37% in past 6 months"
59,59,2022-08-23 ,Positive,"Founder/Chairman/CEO at MONDEE HOLDINGS INC -REDH, Prasad Gundumogula, just invested $426.4k on $MOND as he added 38,240 #shares to his holdings

In the last month, @mondee_official's #stockprice increased by 60.21%

#insiderbuying #stockmarket #invest"
60,60,2022-08-23 ,Positive,"President/Global CEO at PPILGRIM'S PRIDE CORP, Fabio Sandri, sold #stock on Aug 22 as $PPC #stockprice dived by 8.56% in the last month

#Shares: 33,471
Value: $997,297

#insiderselling #bearish #trade"
61,61,2022-08-20 ,Positive,"General Behaviour of Stock prices just after their Earnings release :

If earnings are weak but future outlook is strong -
 The stock price will rally  !

If earnings are strong but future outlook is weak - 
The stock price will fall  !

#stockprice #earnings"
62,62,2022-08-17 ,Positive,"#Form144 filed at GROCERY OUTLET HLDNG CORP, CEO - Eric J Lindberg, Jr. plans to sell 300,000 $GO #shares, valued at $12.15 M

On Aug 12, #insider filed this Form144 through FIDELITY BROKERAGE SERVICES LLC

The #stockprice of @GroceryOutlet increased by 54.57% in the past year"
63,63,2022-08-16 ,Positive,"Executive Director at PALACE BANQUET HOLDINGS LTD, Cheng Man Cheong, sold #stock from Aug 5 - 12 as $1703:HK #stockprice dived by 39.18% YTD

#Shares: 2,320,000
Value: $188,628

#insiderselling #bearish #trade"
64,64,2022-08-12 ,Positive,"Greg Brown - CB/CEO &amp; Cynthia Yazdi - SVP @MotoSolutionsAP filed #form144 on Aug 9 &amp; 10

They both plan to sell 200,886 #shares worth $50.45 million through E-TRADE FINANCIAL CORPORATION

#Stockprice of $MSI has increased by 17.99% in the last 6 months

#Bearish #InsiderSelling"
65,65,2022-08-11 ,Positive,"Ben Lamb - EVP/COO and Barry E Davis - Former CEO at ENLINK MIDSTREAM LLC filed #Form144 on Aug 8

They both intend to sell 798,917 #shares worth $7.43M through CHARLES SCHWAB &amp; CO INC

#Stockprice of $ENLC has increased by 72.16% in the last year

#Bearish #InsiderSelling"
66,66,2022-08-10 ,Positive,"1st #Insiderbuying at INTEGRATED DIAGNOSTICS HLDS after its IPO

From July 29 - Aug 08, Group CEO - Hend El Sherbini bought 6,421,712 #shares worth $5.77 million

In the last month, $IDHC's #stockprice has increased by 27.78%

#invest #smartmoney"
67,67,2022-08-10 ,Positive,"The Founder/CEO - @elonmusk loaded off 7.9M #shares of @Tesla worth $6.9B from Aug 5 to 9

Since Tesla's @Twitter bid, this is Elon Reeve Musk's first #insiderselling reported

The #stockprice of $TSLA has dived by 29.15% YTD

#ElonMuskTesla #TSLA #bearish"
68,68,2022-08-09 ,Positive,#Shell announced another transaction (2.900.000) in own shares for cancellation. These shares purchases form part of Shell's share buy back arrangement previously announced on 28 July 2022. It supports the #stockprice of Shell. #dividend #oil #oilprices #StockToWatch
69,69,2022-08-09 ,Negative,Why do some #investment firms send out alerts to subscribers explaining large #StockPrice increases? Investors always want to know why stock prices are falling.
70,70,2022-08-09 ,Positive,Above the oilprice of $55 a barrel #shell makes profits. Now it is $90 in summer. A fundament for a stationaire #cashflow and #dividend for shareholders next future.#stockprice #dividend #oilprices #stockmarkets #trust #Vanguard #AEX #NSE #Nikkei
71,71,2022-08-09 ,Positive,#Shell announced transaction (3.600.000) in own shares for cancellation. These shares purchases form part of Shell's share buy back arrangement previously announced on 28 July 2022. It supports the #stockprice of Shell. #dividend #oil #oilprices #StockToWatch #stockmarkets
72,72,2022-08-08 ,Positive,"#Form144 filed @GDSHoldingsLtd, Ind. CFO - Daniel A. Newman plans to sell 300,000 $9698:HK #shares, valued at $8.76 M

On Aug 8, #insider filed this Form144 through JP MORGAN SECURITIES LLC

The #stockprice of GDS Holdings Ltd decreased by 24.03% in the last six months"
73,73,2022-08-01 ,Positive,"#Buyback Announcement @U_S_Steel

UNITED STATES STEEL CORP announced on July 28 to #buyback $500 million #shares

#Stockprice increased after the announcement, opening price on July 28 was $21.38, and closing price on July 29 was $23.65

$X #stockmarket #trade"
74,74,2022-07-29 ,Positive,"In a disclosure of 9 #trades, @SenBlumenthal bought $APG on June 23.

Its value ranged from $50K to $100K, &amp; since then, #stockprice rose by 14.20%

This #trade came in 6 days after the Senator's brother-in-law, Tony Malkin, a Director at APi Group bought company #stock"
75,75,2022-07-26 ,Positive,"On July 26, The members of the board at AREA QUEST INC authorized the stock repurchase program of up to 607,500 #shares at the price of 66,825,000 Yen

The #stockprice increased by 93.00 to a peak of 102.00 JPY on the day of the announcement.

$8912:JP #buyback #smartmoney #trade"
76,76,2022-07-21 ,Positive,"On July 21, @Elkem_ASA' Members of the Board authorized the commencement of its share repurchase program of up to 5 million.

On the day of the announcement, the #stockprice of $ELK went from 37.62 to 37.84 NOK

#buyback"
77,77,2022-07-21 ,Positive,"SBI surpasses LIC to become the most valued PSU stock with market cap of Rs 453,906 Cr compared to Rs 435,065 Cr.
#indianstockmarket #PSUStock #SBI #LIC #Valuation #sharemarket #StockMarket #stockprice"
78,78,2022-07-20 ,Positive,"From July 11 - 15, the Chairman of the board - Xiao Qing Yao at TIANJIN CHASE SUN PHARMA, sold #stock as $300026:CH #stockprice dived by 10.26% in the past 6 months.

#Shares: 992,300
Value: $1,049,168

#insiderselling #bearish #trade"
79,79,2022-07-20 ,Positive,"Top-level #insider @ChoiceHotels, Stewart Bainum, Jr. -  Exec. Chairman filed #Form144 on July 18

He intends to sell 63,000 $CHH #shares at the value of $7.04 M through MORGAN STANLEY SMITH BARNEY LLC

#Stockprice is Up 7.34% over the last 5 days but down 16.61% past 6 months"
80,80,2022-07-19 ,Positive,"#Insiderselling

Deputy CEO - Huabin Xu at HUMANWELL HEALTHCARE (GROUP), sold 690,000 #shares at the value of $1.79 million on July 15.

The #stockprice of $600079:CH has dropped by 22.34% in the last six months.

#bearish #stockmarket #sell"
81,81,2022-07-17 ,Positive,#Shell is considering returning more capital to #shareholders as profits rise sharply due to high #energy prices said CEO Ben van Beurden. #stockprice #dividend #oilprices #stockmarkets #trust #Vanguard #AEX #NSE #Nikkei
82,82,2022-07-15 ,Positive,"On July 12 &amp; 13, @aegplc's high-profile #insiders, Thomas Michael S. Rowan - CEO &amp; James Leahy - Non-Exec. CB bought 1,115,000 #shares, worth $54k

This marked the 1st #insiderbuying of the year 2022

In the last 5 days, $AEG's #stockprice increased by 21.66%

#stockmarket"
83,83,2022-07-15 ,Positive,"Daniel Harris Meyer - Chairman of the Board at SHAKE SHACK INC - purchased #stock of $SHAK on July 11

#Shares: 21,000
Value: $831.2k

In the last month, #stockprice of @shakeshack increased by 9.16%

#smartmoney #trading #invest"
84,84,2022-07-14 ,Positive,"Issuer: REDROW PLC

On July 14, The Members of the Board @Redrowplc announced the approval of a share repurchase program of up to ¬£100 million

On the day of the announcement, The #stockprice went from 502.00 GBP to 518.50 GBP

$RDW #buyback #smartmoney #trade"
85,85,2022-07-14 ,Neutral,"Can someone explain  why #GoodNews drops the #stockpriceüîª?

#amcshortsqueeze
#LITHIUM 
$amc
$hymc"
86,86,2022-07-13 ,Positive,"Anthony Chow - CEO and Yong Feng Hou - CTO @Newegg filed #Form144 on Jul 11

They both plan to sell 3,751,934 #shares worth  $13.58 million

#Stockprice of $NEGG is down by almost 57.33% in the last six months

#Bearish #InsiderSelling"
87,87,2022-07-12 ,Positive,"On Junly 6 &amp; 8, Executive Director - Justin Hannewyk at DRAGANFLY INC sold 79,227 #shares worth $72,850

The #stockprice of $DPRO has dropped 42.54% in the last six months

#bearish #insiderselling #sell"
88,88,2022-07-12 ,Positive,"Three top-level #insiders @Paylocity filed #Form144 on July 8

They collectively intend to sell 84,513 shares, or roughly $16.5 million.

#Stockprice is üÜô 15.83% since last month but ‚¨áÔ∏è 12.34% past 6 months

#Bearish #InsiderSelling"
89,89,2022-07-10 ,Negative,Every #LegislativeEMBEZZLEMENT= Yearly #NDAAs  #CorporateSubsidies &amp; Corporate #FarmSubsidies Bill Passed By #ThePoliticianCorporateInvestors @GOP @TheDemocrats They All Get Their Cut= #Dividends #StockPrice Rises From They Deny #WeThePeople To EnRich Themselves Everyday
90,90,2022-07-08 ,Positive,"William H. Hoffman - President/CEO @InariMedical filed a #Form144 on Jul 6. This is the latest in multiple forms filed by the comp. #insiders

The CEO plans to sell 90,000 #shares worth almost $6.5 M

#Stockprice is down by almost 23.34% in YTD

#Bearish #InsiderSelling"
91,91,2022-07-06 ,Positive,Today #Shell announced transaction (3.109.000) in own shares for cancellation. These shares purchases form part of Shell's share buy back arrangement previously announced on 5 May. 2022. It supports the #stockprice of Shell. #dividend #oil #oilprices #StockToWatch #stockmarkets
92,92,2022-06-30 ,Positive,"#Form144 filed @ML_Ayuda, Founder/Chairman/President/CEO - Marcos Eduardo Galperin plans to sell 100,000 $MELI #shares, valued at $66.17M

On June 29, #insider filed this Form144 through JP MORGAN SECURITIES LLC

MERCADOLIBRE's #stockprice is down by 51.04% over last 6 months"
93,93,2022-06-29 ,Positive,"#Insiderselling reported @desert_control, Brage Warheim Johansen - Co-Found./MB sold 37,000 $DSRT #shares worth $110.3k

DESERT CONTROL #stockprice has dropped 19.86% in the last 6 months, &amp; the comp. recently signed its 1st agreement with Mawarid Desert Control LLC in UAE."
94,94,2022-06-28 ,Positive,"#Buyback Announcement @csamhealth

On June 27, CSAM HEALTH GROUP AS announced a share repurchase program of NOK 20 million.

#Stockprice recovered slightly on the day of the announcement, rising from 51.00 NOK to 54.20 NOK.

$CSAM #stockmarket #trade #marketanalysis"
95,95,2022-06-24 ,Positive,"An Entity at OCCIDENTAL PETROLEUM, BERKSHIRE HATHAWAY INC increased $OXY stakes by adding 9,551,454 #shares worth $529.57M on Jun 17 &amp; 22

The last bet placed by @berkshire based on analyst report made huge gains, so we are looking forward to #stockprice performance now as well"
96,96,2022-06-21 ,Positive,"Issuer: MAX STOCK LTD

On June 18, The Members of the Board approved the stock repurchase program of ILS 40 Million.

Announcement Date: June 19

On the day of announcement, The #stockprice went from 580.00 ILA to 624.50 ILA

#buyback #smartmoney #trade"
97,97,2022-06-21 ,Positive,"WEST FRSER TMBR CO LTD's Top-level #insider, Kevin Burke - SVP, stocked up on $WFG by adding 25,68 #shares to his holdings, worth $202.1k

#stockprice is dived by 8.57% over last 6 months &amp; #insiderpurchase here shows that VP is hoping that this dip willl recover

#buy #stocks"
98,98,2022-06-21 ,Neutral,"#Buyback Announcement @EssiLux

ESSILORLUXOTTICA announced on June 17 to #buyback 2.5 Million #shares

#Stockprice has been showing a slight recovery, Opening price on June 17 is 136.60 EUR, and the Closing price on June 20 is 140.95 EUR

#stockmarket #trade #marketanalysis"
99,99,2022-06-19 ,Neutral,"What moved GCC markets? 

#GCC #GCCMarkets #OilandGas #SaudiMarket #SABIC #Stocks #Qatar #stockprice #Fed #Dubai #IPO #ADX #AbuDhabi"
100,100,2022-06-18 ,Neutral,"#MBA's globally for the next 20+ years are going to study the following:

When a #Brand #Reputation is approaching 100% üëéüëéüëéüëé
#disliked how this impacts said brand's #StockPrice

Extra points for making this your #dissertation btw #MBA's üëçüìå"
101,101,2022-06-16 ,Positive,"Three Top-level #insiders at Maximus, including CB John J Haley, recently bought 43,641 $MMS #shares worth $2.58 M

1st buy of year as #stockprice has declined, @Maximus_news (19th among list of Washington Tech's top 100 largest govt. contractors) deemed undervalued by insiders"
102,102,2022-06-16 ,Neutral,So what happened with #amc ? #stockprice #moass #squeezze
103,103,2022-06-11 ,Negative,#Hindalco is #nifty50 company in which #FII are continuously increasing stake still #stockprice  falling quaterly
104,104,2022-06-06 ,Negative,"#LIC share price touched a new all-time low of Rs 785 apiece on Monday; total market capitalization is now below Rs 5 lakh crore. 
.
#Stockprice plunged 10.23% since listing. 
.
With today‚Äôs low, the stock price has come down by 17.3% from the issue price.
.
#LICIPO #Investment"
105,105,2022-05-23 ,Positive,"‚ÄúThe #stock could fall, or it could rise‚Äù advice is the sort of value provided by pundits who focus on short-term #StockPrice movements as opposed to the overall health of a company."
106,106,2022-05-18 ,Negative,"I suspected this since the initial 9% buy: @elonmusk tweets about buying @Twitter (didn't expect an ACTUAL offer). #stockprice soars, stake increases, he sells with a 20-40% gain. 
Not exactly what happened, but won't be surprised if the purchase doesn't happen #hottake ü§∑üèº‚Äç‚ôÇÔ∏è"
107,107,2022-05-16 ,Positive,Today #Shell announced transaction (3.821.263) in own shares for cancellation. These shares purchases form part of Shell's share buy back arrangement previously announced on 5 May. 2022. It supports the #stockprice of Shell. #dividend #oil #oilprices #StockToWatch #stockmarkets
108,108,2022-05-13 ,Negative,"Price Action : Avoid Trap of operater -a thread that i will post on 
1st June 2022..set @remindmetweets 
#StockMarket 
#lifestyle 
#stockprice 
#Niftybank"
109,109,2022-05-12 ,Positive,Today #Shell announced transaction (3.698.000) in own shares for cancellation. These shares purchases form part of Shell's share buy back arrangement previously announced on 5 May. 2022. It supports the #stockprice of Shell. #dividend #oil #oilprices #StockToWatch #stockmarkets
110,110,2022-04-25 ,Neutral,"So what happens now when @elonmusk pops molly, starts tweeting, and manipulates #Twitter's #stockprice?"
111,111,2022-04-25 ,Positive,"The growth in the stock price of BAJAJ FINANCE over the years ‚¨áÔ∏è

‚Ä¢2002    5.75
‚Ä¢ 2007   37.65
‚Ä¢ 2012     90.76
‚Ä¢ 2017      1376
‚Ä¢ 2022     6075
‚Ä¢ 52-wk high: 8050 üöÄ

#BajajFinance #StockPrice #Finance #Bajaj"
112,112,2022-04-23 ,Neutral,"The fact that #Gamestop stock is approx. 7x what #Peloton stock price is says a lot about the stock market / casino we are witnessing.

#StockMarket #stockprice #gaming #business"
113,113,2022-04-21 ,Positive,"#StockMarket @AshVerma111 @NeerajCNBC 
Can we expect a rally in #BPCL #stockprice 
I bought 40 shares in BPCL@ 390
When can I sell?"
114,114,2022-04-20 ,Neutral,Hey @Netflix_CA how's that last price jump going for you?  #strawthatbrokethecamelsback #stockprice
115,115,2022-04-15 ,Neutral,"Why did ALL #socialmedia platforms have a #meteoric rise in #stockprice when #Biden/#Harris were put into office, 
THEN,
#nosedive back into reality?

WHO got #screwed?
By WHO?

#tcot #maga #LetsGoBrandon"
116,116,2022-04-07 ,Neutral,"Why does #Trident price not going up from long time?
What is the secret behind it? ü§î
#tridentshareprice #Share #sharemarket
#StockMarket #stockprice"
117,117,2022-03-26 ,Positive,"üö®Fandex #CollegeBasketball #MarchMadness #StockPrice Updateüìàüí∏: #Miami üÜô 27.06 per share, #Kansas üÜô 16.30 per share, #UNC üÜô 28.62 per share, #StPeters üÜô üîù37.73 per share."
118,118,2022-03-25 ,Neutral,"Why Do Stock Price Fluctuates ?

Thread üßµ

#stockprice #traderwisdom #demandandsupply #Nifty #traderwisdom #Trade"
119,119,2022-03-22 ,Positive,"Now will the #stockprice of #Zomato be effected after the recent announcement of #10minutedelivery of food. I see 3 out 5 tweets on the same. Guess no one is even interested in literal fast food, then why is every ecommerce startup getting into these under 10 min deliveries ü§∑üèª‚Äç‚ôÇÔ∏è"
120,120,2022-03-09 ,Positive,"When the markets open it will interesting to see what happens to #McDonalds stock price with the recent statement that they will be exiting #Russia. 

Sidebar: Russia accounts for 9% of #McDonalds revenue globally (850 locations).

#business #stock #revenue #stockprice #economics"
121,121,2022-02-23 ,Neutral,"Thinking about how will the news of #ActivisionBlizzard announcing that they are delaying the release of #CallofDuty till 2023 impact its stock price. 

Potential discount maybe?

#gaming #stockprice #business"
122,122,2022-01-22 ,Positive,"‚ÄúThe only #stockprice that matters is the one you #sell at, everything else is entertainment.‚Äù"
123,123,2022-01-10 ,Positive,"All those creating #memes and what have you on the #stockprice of @paytm, time to take a pause here.

If it could do #IPO at that price &amp; come here then it can also get back at that price again. @vijayshekhar may be slowest at laughing but might life better than all. 

#goodnight"
124,124,2021-12-30 ,Negative,"While the whole smaller pvt banking space is depressed by RBL ... ""Fiasco, Indusind""  is making new  Weekly high .. #Pricedoesntlie #stockprice #rblbank #banking"
125,125,2021-12-27 ,Neutral,Gold and stock prices will have a bigger impact on CryptoMarkets in 2022. #GoldPrice #StockPrice
126,126,2021-12-14 ,Neutral,#PMCBankCrisis keep tweeting &amp; tagging @CentrumIndia @bharatpeindia it impacts their #StockPrice keep it up -ve tweets @Ashneer_Grover
127,127,2021-12-09 ,Positive,"#VodafoneIdea is like that Ex, which became hot after break-upüò≠üìà
.
#vi #stockprice #‚Çπ16.50"
128,128,2021-11-21 ,Neutral,I am still waiting @CoinbaseSupport give me back my money. It‚Äôs not a 100$ we are talking about here. #GYEN #Coinbase #cryptocurrency #CoinMarketCap @CoinbaseNews @CoinbasePro @coinbase #stockprice will go down.
129,129,2021-10-22 ,Negative,#automobiles are built with #corldrolledsteel #miles of #copper &amp; #chips! Every #rawmaterial is up 100%+! 50% car sales on #chipshortage! Yet #tatamotor #stockprice is up 60% in 1 month ! No amount of #market #alchemy #marketgodfather buying can make #tatamotor #shareprice hold !
130,130,2021-10-20 ,Negative,#avenuesupermartsltd #dmart is another #aliceinwonderland #distraction.market cap is near double of #tesco(seriously?). PE:262 can put #google #starbucks to #shame! 93% is with promoters/institutions! So in this #stockprice #houseofcards price rests precariously on no one selling
131,131,2021-10-09 ,Neutral,"On Friday,
 @zomato stock price surged by 1% in noon time. Because I ordered food without using coupon code. üòÖ

#zomato #stock #stockmarket #nse #bse #stockprice 
@zomatocare"
132,132,2021-10-07 ,Neutral,"#Dividend is mostly result of business
#StockPrice is mostly result of market."
133,133,2021-09-11 ,Neutral,"This week in alphaniketan, we talk about Bear Markets, Millennials and Generation Z.

#bearmarket #earnings #equity #finance #forecasts #genz #investing #longterm #millennials #newinvestors #risk #stockmarket #stockprice #stockreturns #stocks #alphaniketan @FinMedium"
134,134,2021-08-31 ,Neutral,"ITC is really testing the Patience üòä

#ITC #StockPrice"
135,135,2021-08-16 ,Neutral,"Dividend Alert

JK TYRE LTD 
Market Price- Rs. 159.65
Dividend Price- Rs. 2 per share
Ex- Date- 18/08/2021

#Dividend #JKTyres #StockMarket #Stockprice"
136,136,2021-08-16 ,Neutral,"Dividend Alert

JK TYRE LTD 
Market Price- Rs. 159.65
Dividend Price- Rs. 2 per share
Ex- Date- 18/08/2021

#Dividend #JKTyres #StockMarket #Stockprice"
137,137,2021-08-11 ,Positive,"Stock volatility measures how variable a #StockPrice is in a certain period of time. 

If a stock moves to the extreme in either direction more frequently than it stays steady it‚Äôs volatile and that equals #risky"
138,138,2021-08-02 ,Neutral,"When the stock crosses below or above the #movingaverage, a price crossover occurs. Keep this technical indicator in mind while plotting #stockprice trends in the future."
139,139,2021-07-25 ,Negative,Follow Mark Minervini template stock price above 50&gt;150&gt;200 moving average; #stockprice &gt; minimum 25% abv 52W low &lt;25% 52W high; RS line trending up for 6W; RS ranking above 90 #technicalanalysis
140,140,2021-07-01 ,Positive,"Some key Factors impacting stock price of a company:
Company performance. eg Performance of business, Key Decisions
Market sentiment. eg Bear, Bull trend
Sector performance. eg Current metal bullishness
Government policy. eg Interest rates
#stockprice #nifty #sensex #StockMarket"
141,141,2021-06-25 ,Neutral,Nike‚Äôs stock price today just mimicked the shape of the logo. Can you think of any other times that happened? FedEx? AMD? Citro√´n? Chevron? #nike #stockprice #investing #motleyfool
142,142,2021-06-22 ,Positive,How is #tesla doing with their $ 1.5 billion #Bitcoin asset @elonmusk I guess the #stockprice is going to plummet! Maybe buy far out out of the money put options. #wallstreetjournal #financialtimes
143,143,2021-06-17 ,Positive,"#marketupdate

- BLS International Services Ltd stock price has rallied more than 200 percent in the last year compared to about a 60 percent rally in the Nifty during the same period.

#news #investonline #Rupee #Dollar #sensex #Nifty #CrudeOil #BLS #stockprice #COVID19 #india"
144,144,2021-06-17 ,Negative,"#marketupdate

- Crude oil prices dipped on Thursday as a stronger U.S. dollar brought them off multi-year highs, but losses were limited by a big drop in U.S. crude oil inventories.

#news #investonline #Rupee #Dollar #sensex #Nifty #CrudeOil #BLS #stockprice #COVID19 #india"
145,145,2021-06-15 ,Positive,"#APACmarkets are a mixed bag today. Australia, India and the US markets are at their respective record high levels. 
#stockprice #marketupdate #stockmarket"
146,146,2021-06-09 ,Positive,"Shares of @prestigegroup Prestige Estate Projects Ltd surged more than 8% on the NSE. This was due to robust Q4 earnings and debt reduction.

#prestige #NSE #nseindia #shareprice #stockprice #quarterearnings #earnings #EarningsReport #debt"
147,147,2021-06-04 ,Positive,"Any #SofftwareDevelopers out there know of any good #API services for #StockPrice history? Would love to hear your experience. Asking for a friend.

Meanwhile, have a great weekend everybody!"
148,148,2021-06-03 ,Neutral,F #fordlightning  stock +5.00 points up .. it may hit six points soon .. #stockprice $15.75
149,149,2021-05-18 ,Positive,"#StockVolatility measures how variable a #StockPrice is in a certain period of time. 

If a stock moves to the extreme in either direction more frequently than it stays steady it‚Äôs volatile and that equals #risky"
150,150,2021-05-07 ,Negative,"Warren Buffett broke @Nasdaq, Berkshire Hathaway‚Äôs stock  price is too high for #Nasdaq‚Äôs trading computer.
Price of one Berkshire Hathaway stock is over $4,21,000.

Follow for More.
.
.
#WarrenBuffett #BerkshireHathaway #TradingComputer #Trader #Investor #Stock #StockPrice"
151,151,2021-05-04 ,Neutral,"DealerAdvance CE Stock Quote  0.0002. DLAD - $DLAD $BIG #StockMarket Volume
 Perceds  #StockPrice, News, Charts, Message Board, Trades http s://ih.advfn.com/stock-market/USOTC/dealeradvance-ce-DLAD/stock-price via #anotherone  #wallstreetsurfers #stockalert #goldequityinvesters"
152,152,2021-04-30 ,Positive,"Hugh just made a gain of 7.2% on SPY 418 calls! üõéÔ∏è

#DayTradeSPY #stockoptions #results #gains #stockpicks #stockprice #optionstrading #daytrading"
153,153,2021-04-24 ,Neutral,"Why @Intel #INTC is a #Buy for #me?

#MarketCap (mm): $252,657.7
#SharesOut. (mm): 4,038.0
#StockPrice: $62.57
#Float %: 99.9%
#SharesSoldShort (mm): 57.0"
154,154,2021-04-24 ,Negative,"#NoteToSelf : stop checking #amc and #gme #stockprice. MARKET IS CLOSED!!!! 

#AMCPARTY #AMCDAY #amcshortsqueeze 
#GMEDay #GMEtothemoon"
155,155,2021-03-30 ,Positive,#PowellPut FREE MONEY Forever &amp; #WallStreet #StockPrice Guarantee Created a MASSIVE LEVERAGE BUBBLE Soon To Collapse.üòü #msnbc #foxnews #nytimes #cnn #wsj #cnbc #politico #huffpost #newsmax #oan #gop #npr #fox #nyt #wapo #nbc #cbs #aarp #biden #pbs #nyt #ecb #eu #china #fed
156,156,2021-03-11 ,Positive,"What is the key to #trade successfully?

Seperate the good from the bad. 

It will lead you to be profitable.

#BeTheBest #sprzeda≈º #gospodarka #investing #business #StocksToBuy #Sales #Economy #StockMarket #StockPrice #WorkFromHome #Success"
157,157,2021-02-22 ,Negative,What is common about Feb2020 and Feb2021.? COVID cases started to alarm with the rise in numbers and stock market started to alarm with the decline in stock prices #CoronaVirusUpdates #StockMarket #COVID #stocktips #investmentstrategy #stockprice
158,158,2021-02-06 ,Positive,"#marketupdate

- ICICIBC reported a strong earnings of Rs49.4bn (PLe: Rs40.9bn) led by all round performance on core operations and slightly lower provisioning

#news #investonline #ipo #LIC #icicibank #finance #stockprice #COVID19 #India"
159,159,2021-02-02 ,Neutral,"India's most established startup: #tatamotors 

#stockprice"
160,160,2021-02-02 ,Positive,"A CEO becomes Great not by the Stock Price of the Company, but by what employees under him think about him in their casual chats.

If that Chat Sentiment is Positive, Stock is bound to rally.

It's all, what you give... you get back.

#ceos #stockprice #companyculture"
161,161,2021-01-30 ,Negative,"I wonder if firms and exchange will calculate #stockprice for $AMC over the weekend with all the insider trading and debt conversions, market conditions and announce a set share price Monday. Or reach that price wo speaking, by placing range trades #justathought #stocks #stonks"
162,162,2021-01-30 ,Neutral,Throwing another $500 on #TRXC on Monday offering is over we going to üöÄüöÄüöÄüöÄüöÄ Monday #stock #market #stockmarket #investing #investor #finance #Financial #medical #surgery #healthcare #robots #dd #stockprice #value #money
163,163,2021-01-18 ,Neutral,Our company‚Äòs name is ‚ÄûK2Prime‚Äú‚Ä¶just in case you wanted it to mention in a tweet üòâ @elonmusk #stockprice #stockrocket
164,164,2021-01-04 ,Negative,"Finding it difficult to choose your next #csproject?

Here is a list of 6 project ideas which you can use.

 #computerscience #computerengineering #computerknowledge #softwaredeveloper #softwareengineer #facedetection #musicrecommendation #stockmarket #stockprice #datascience"
